id,Оператор,Есть ли Интернет,Состав ДХ
1,Подключен только к Триколор ТВ,Есть,Нет членов семьи в возрасте 55+ лет и нет до 18 лет
2,Подключен только к Триколор ТВ,Есть,Есть члены семьи в возрасте 55+ лет и нет до 18 лет
3,Подключен только к Триколор ТВ,Нет,Есть члены семьи в возрасте 55+ лет и нет до 18 лет
4,Подключен только к Триколор ТВ,Есть,Нет членов семьи в возрасте 55+ лет и есть до 18 лет
5,Подключен только к Триколор ТВ,Нет,Есть члены семьи в возрасте 55+ лет и нет до 18 лет
6,Подключен только к Триколор ТВ,Нет,Есть члены семьи в возрасте 55+ лет и нет до 18 лет
7,Подключен только к Триколор ТВ,Нет,Есть члены семьи в возрасте 55+ лет и нет до 18 лет
8,Подключен только к Триколор ТВ,Есть,Нет членов семьи в возрасте 55+ лет и есть до 18 лет
9,Подключен только к Триколор ТВ,Есть,Нет членов семьи в возрасте 55+ лет и нет до 18 лет
10,Подключен только к Триколор ТВ,Нет,Есть члены семьи в возрасте 55+ лет и нет до 18 лет
11,Подключен только к Триколор ТВ,Нет,Есть члены семьи в возрасте 55+ лет и нет до 18 лет
12,Подключен только к Триколор ТВ,Нет,Есть члены семьи в возрасте 55+ лет и нет до 18 лет
13,Подключен только к Триколор ТВ,Есть,Нет членов семьи в возрасте 55+ лет и нет до 18 лет
14,Подключен только к Триколор ТВ,Есть,Нет членов семьи в возрасте 55+ лет и нет до 18 лет
15,Подключен только к Триколор ТВ,Нет,Нет членов семьи в возрасте 55+ лет и нет до 18 лет
16,Подключен только к Триколор ТВ,Нет,Нет членов семьи в возрасте 55+ лет и есть до 18 лет
17,Подключен только к Триколор ТВ,Есть,Есть члены семьи в возрасте 55+ лет и нет до 18 лет
18,Подключен только к Триколор ТВ,Нет,Нет членов семьи в возрасте 55+ лет и есть до 18 лет
19,Подключен только к Триколор ТВ,Есть,Нет членов семьи в возрасте 55+ лет и нет до 18 лет
20,Подключен только к Триколор ТВ,Есть,Нет членов семьи в возрасте 55+ лет и нет до 18 лет
21,Подключен только к Триколор ТВ,Есть,Есть члены семьи в возрасте 55+ лет и нет до 18 лет
22,Подключен только к Триколор ТВ,Есть,Нет членов семьи в возрасте 55+ лет и нет до 18 лет
23,Подключен к Триколор ТВ и к другому оператору спутникового/кабельного ТВ,Есть,Есть члены семьи в возрасте 55+ лет и нет до 18 лет
24,Подключен только к Триколор ТВ,Есть,Есть члены семьи в возрасте 55+ лет и есть до 18 лет
25,Подключен только к Триколор ТВ,Есть,Есть члены семьи в возрасте 55+ лет и есть до 18 лет
26,Подключен только к Триколор ТВ,Нет,Есть члены семьи в возрасте 55+ лет и нет до 18 лет
27,Подключен только к Триколор ТВ,Есть,Нет членов семьи в возрасте 55+ лет и нет до 18 лет
28,Подключен только к Триколор ТВ,Есть,Есть члены семьи в возрасте 55+ лет и нет до 18 лет
29,Подключен только к Триколор ТВ,Есть,Есть члены семьи в возрасте 55+ лет и нет до 18 лет
30,Подключен только к Триколор ТВ,Есть,Нет членов семьи в возрасте 55+ лет и нет до 18 лет
31,Подключен только к Триколор ТВ,Есть,Есть члены семьи в возрасте 55+ лет и нет до 18 лет
32,Подключен только к Триколор ТВ,Нет,Есть члены семьи в возрасте 55+ лет и нет до 18 лет
33,Подключен к Триколор ТВ и к другому оператору спутникового/кабельного ТВ,Есть,Есть члены семьи в возрасте 55+ лет и нет до 18 лет
34,Подключен только к Триколор ТВ,Нет,Есть члены семьи в возрасте 55+ лет и нет до 18 лет
35,Подключен только к Триколор ТВ,Есть,Нет членов семьи в возрасте 55+ лет и есть до 18 лет
36,Подключен только к Триколор ТВ,Есть,Есть члены семьи в возрасте 55+ лет и нет до 18 лет
37,Подключен только к Триколор ТВ,Есть,Нет членов семьи в возрасте 55+ лет и нет до 18 лет
38,Подключен только к Триколор ТВ,Есть,Есть члены семьи в возрасте 55+ лет и нет до 18 лет
39,Подключен только к Триколор ТВ,Есть,Нет членов семьи в возрасте 55+ лет и нет до 18 лет
40,Подключен только к Триколор ТВ,Нет,Нет членов семьи в возрасте 55+ лет и есть до 18 лет
41,Подключен только к Триколор ТВ,Есть,Есть члены семьи в возрасте 55+ лет и нет до 18 лет
42,Подключен только к Триколор ТВ,Есть,Есть члены семьи в возрасте 55+ лет и нет до 18 лет
43,Подключен только к Триколор ТВ,Нет,Нет членов семьи в возрасте 55+ лет и нет до 18 лет
44,Подключен только к Триколор ТВ,Есть,Нет членов семьи в возрасте 55+ лет и есть до 18 лет
45,Подключен только к Триколор ТВ,Есть,Есть члены семьи в возрасте 55+ лет и нет до 18 лет
46,Подключен только к Триколор ТВ,Есть,Нет членов семьи в возрасте 55+ лет и нет до 18 лет
47,Подключен только к Триколор ТВ,Нет,Нет членов семьи в возрасте 55+ лет и есть до 18 лет
48,Подключен только к Триколор ТВ,Есть,Нет членов семьи в возрасте 55+ лет и нет до 18 лет
49,Подключен только к Триколор ТВ,Есть,Есть члены семьи в возрасте 55+ лет и есть до 18 лет
50,Подключен только к Триколор ТВ,Есть,Нет членов семьи в возрасте 55+ лет и есть до 18 лет
51,Подключен только к Триколор ТВ,Есть,Нет членов семьи в возрасте 55+ лет и есть до 18 лет
52,Подключен только к Триколор ТВ,Есть,Есть члены семьи в возрасте 55+ лет и нет до 18 лет
53,Подключен только к Триколор ТВ,Есть,Нет членов семьи в возрасте 55+ лет и есть до 18 лет
54,Подключен только к Триколор ТВ,Есть,Есть члены семьи в возрасте 55+ лет и есть до 18 лет
55,Подключен только к Триколор ТВ,Есть,Есть члены семьи в возрасте 55+ лет и нет до 18 лет
56,Подключен только к Триколор ТВ,Есть,Нет членов семьи в возрасте 55+ лет и нет до 18 лет
57,Подключен к Триколор ТВ и к другому оператору спутникового/кабельного ТВ,Есть,Нет членов семьи в возрасте 55+ лет и есть до 18 лет
58,Подключен только к Триколор ТВ,Есть,Нет членов семьи в возрасте 55+ лет и есть до 18 лет
59,Подключен только к Триколор ТВ,Нет,Есть члены семьи в возрасте 55+ лет и нет до 18 лет
60,Подключен только к Триколор ТВ,Есть,Есть члены семьи в возрасте 55+ лет и нет до 18 лет
61,Подключен к Триколор ТВ и к другому оператору спутникового/кабельного ТВ,Есть,Нет членов семьи в возрасте 55+ лет и нет до 18 лет
62,Подключен только к Триколор ТВ,Есть,Есть члены семьи в возрасте 55+ лет и нет до 18 лет
63,Подключен только к Триколор ТВ,Есть,Есть члены семьи в возрасте 55+ лет и нет до 18 лет
64,Подключен только к Триколор ТВ,Есть,Есть члены семьи в возрасте 55+ лет и нет до 18 лет
65,Подключен только к Триколор ТВ,Нет,Есть члены семьи в возрасте 55+ лет и есть до 18 лет
66,Подключен только к Триколор ТВ,Есть,Есть члены семьи в возрасте 55+ лет и есть до 18 лет
67,Подключен только к Триколор ТВ,Есть,Нет членов семьи в возрасте 55+ лет и нет до 18 лет
68,Подключен только к Триколор ТВ,Есть,Нет членов семьи в возрасте 55+ лет и есть до 18 лет
69,Подключен только к Триколор ТВ,Есть,Нет членов семьи в возрасте 55+ лет и есть до 18 лет
70,Подключен к Триколор ТВ и к другому оператору спутникового/кабельного ТВ,Есть,Нет членов семьи в возрасте 55+ лет и нет до 18 лет
71,Подключен только к Триколор ТВ,Есть,Нет членов семьи в возрасте 55+ лет и есть до 18 лет
72,Подключен только к Триколор ТВ,Есть,Есть члены семьи в возрасте 55+ лет и нет до 18 лет
73,Подключен только к Триколор ТВ,Нет,Нет членов семьи в возрасте 55+ лет и есть до 18 лет
74,Подключен только к Триколор ТВ,Есть,Есть члены семьи в возрасте 55+ лет и нет до 18 лет
75,Подключен только к Триколор ТВ,Есть,Нет членов семьи в возрасте 55+ лет и нет до 18 лет
76,Подключен только к Триколор ТВ,Есть,Есть члены семьи в возрасте 55+ лет и нет до 18 лет
77,Подключен только к Триколор ТВ,Нет,Есть члены семьи в возрасте 55+ лет и нет до 18 лет
78,Подключен только к Триколор ТВ,Есть,Нет членов семьи в возрасте 55+ лет и есть до 18 лет
79,Подключен только к Триколор ТВ,Нет,Есть члены семьи в возрасте 55+ лет и нет до 18 лет
80,Подключен только к Триколор ТВ,Есть,Нет членов семьи в возрасте 55+ лет и нет до 18 лет
81,Подключен только к Триколор ТВ,Нет,Нет членов семьи в возрасте 55+ лет и нет до 18 лет
82,Подключен только к Триколор ТВ,Есть,Нет членов семьи в возрасте 55+ лет и нет до 18 лет
83,Подключен только к Триколор ТВ,Нет,Нет членов семьи в возрасте 55+ лет и нет до 18 лет
84,Подключен только к Триколор ТВ,Нет,Есть члены семьи в возрасте 55+ лет и нет до 18 лет
85,Подключен только к Триколор ТВ,Нет,Есть члены семьи в возрасте 55+ лет и нет до 18 лет
86,Подключен только к Триколор ТВ,Есть,Нет членов семьи в возрасте 55+ лет и есть до 18 лет
87,Подключен только к Триколор ТВ,Есть,Есть члены семьи в возрасте 55+ лет и нет до 18 лет
88,Подключен только к Триколор ТВ,Есть,Нет членов семьи в возрасте 55+ лет и есть до 18 лет
89,Подключен к Триколор ТВ и к другому оператору спутникового/кабельного ТВ,Нет,Есть члены семьи в возрасте 55+ лет и нет до 18 лет
90,Подключен только к Триколор ТВ,Есть,Нет членов семьи в возрасте 55+ лет и есть до 18 лет
91,Подключен только к Триколор ТВ,Нет,Нет членов семьи в возрасте 55+ лет и есть до 18 лет
92,Подключен только к Триколор ТВ,Есть,Нет членов семьи в возрасте 55+ лет и есть до 18 лет
93,Подключен только к Триколор ТВ,Есть,Есть члены семьи в возрасте 55+ лет и есть до 18 лет
94,Подключен только к Триколор ТВ,Есть,Нет членов семьи в возрасте 55+ лет и есть до 18 лет
95,Подключен только к Триколор ТВ,Нет,Нет членов семьи в возрасте 55+ лет и есть до 18 лет
96,Подключен только к Триколор ТВ,Нет,Есть члены семьи в возрасте 55+ лет и нет до 18 лет
97,Подключен только к Триколор ТВ,Нет,Есть члены семьи в возрасте 55+ лет и нет до 18 лет
98,Подключен только к Триколор ТВ,Нет,Есть члены семьи в возрасте 55+ лет и нет до 18 лет
99,Подключен только к Триколор ТВ,Нет,Есть члены семьи в возрасте 55+ лет и нет до 18 лет
100,Подключен только к Триколор ТВ,Есть,Есть члены семьи в возрасте 55+ лет и нет до 18 лет
101,Подключен к Триколор ТВ и к другому оператору спутникового/кабельного ТВ,Есть,Есть члены семьи в возрасте 55+ лет и нет до 18 лет
102,Подключен только к Триколор ТВ,Нет,Есть члены семьи в возрасте 55+ лет и нет до 18 лет
103,Подключен только к Триколор ТВ,Есть,Есть члены семьи в возрасте 55+ лет и нет до 18 лет
104,Подключен только к Триколор ТВ,Есть,Есть члены семьи в возрасте 55+ лет и нет до 18 лет
105,Подключен только к Триколор ТВ,Есть,Есть члены семьи в возрасте 55+ лет и нет до 18 лет
106,Подключен только к Триколор ТВ,Нет,Нет членов семьи в возрасте 55+ лет и нет до 18 лет
107,Подключен только к Триколор ТВ,Нет,Нет членов семьи в возрасте 55+ лет и есть до 18 лет
108,Подключен только к Триколор ТВ,Есть,Нет членов семьи в возрасте 55+ лет и нет до 18 лет
109,Подключен только к Триколор ТВ,Есть,Нет членов семьи в возрасте 55+ лет и нет до 18 лет
110,Подключен только к Триколор ТВ,Есть,Есть члены семьи в возрасте 55+ лет и нет до 18 лет
111,Подключен только к Триколор ТВ,Есть,Нет членов семьи в возрасте 55+ лет и есть до 18 лет
112,Подключен только к Триколор ТВ,Нет,Нет членов семьи в возрасте 55+ лет и нет до 18 лет
113,Подключен только к Триколор ТВ,Есть,Есть члены семьи в возрасте 55+ лет и нет до 18 лет
114,Подключен к Триколор ТВ и к другому оператору спутникового/кабельного ТВ,Есть,Есть члены семьи в возрасте 55+ лет и нет до 18 лет
115,Подключен только к Триколор ТВ,Нет,Есть члены семьи в возрасте 55+ лет и нет до 18 лет
116,Подключен только к Триколор ТВ,Есть,Нет членов семьи в возрасте 55+ лет и нет до 18 лет
117,Подключен только к Триколор ТВ,Есть,Нет членов семьи в возрасте 55+ лет и есть до 18 лет
118,Подключен только к Триколор ТВ,Есть,Нет членов семьи в возрасте 55+ лет и нет до 18 лет
119,Подключен только к Триколор ТВ,Есть,Есть члены семьи в возрасте 55+ лет и есть до 18 лет
120,Подключен только к Триколор ТВ,Есть,Есть члены семьи в возрасте 55+ лет и нет до 18 лет
121,Подключен только к Триколор ТВ,Есть,Нет членов семьи в возрасте 55+ лет и есть до 18 лет
122,Подключен только к Триколор ТВ,Есть,Нет членов семьи в возрасте 55+ лет и нет до 18 лет
123,Подключен только к Триколор ТВ,Нет,Есть члены семьи в возрасте 55+ лет и нет до 18 лет
124,Подключен к Триколор ТВ и к другому оператору спутникового/кабельного ТВ,Есть,Есть члены семьи в возрасте 55+ лет и нет до 18 лет
125,Подключен только к Триколор ТВ,Нет,Нет членов семьи в возрасте 55+ лет и есть до 18 лет
126,Подключен только к Триколор ТВ,Есть,Нет членов семьи в возрасте 55+ лет и есть до 18 лет
127,Подключен только к Триколор ТВ,Есть,Есть члены семьи в возрасте 55+ лет и нет до 18 лет
128,Подключен только к Триколор ТВ,Нет,Есть члены семьи в возрасте 55+ лет и нет до 18 лет
129,Подключен только к Триколор ТВ,Есть,Есть члены семьи в возрасте 55+ лет и нет до 18 лет
130,Подключен к Триколор ТВ и к другому оператору спутникового/кабельного ТВ,Есть,Нет членов семьи в возрасте 55+ лет и нет до 18 лет
131,Подключен только к Триколор ТВ,Есть,Нет членов семьи в возрасте 55+ лет и нет до 18 лет
132,Подключен только к Триколор ТВ,Нет,Нет членов семьи в возрасте 55+ лет и есть до 18 лет
133,Подключен только к Триколор ТВ,Есть,Нет членов семьи в возрасте 55+ лет и есть до 18 лет
134,Подключен только к Триколор ТВ,Нет,Нет членов семьи в возрасте 55+ лет и есть до 18 лет
135,Подключен только к Триколор ТВ,Есть,Нет членов семьи в возрасте 55+ лет и есть до 18 лет
136,Подключен только к Триколор ТВ,Есть,Нет членов семьи в возрасте 55+ лет и есть до 18 лет
137,Подключен только к Триколор ТВ,Нет,Есть члены семьи в возрасте 55+ лет и нет до 18 лет
138,Подключен только к Триколор ТВ,Есть,Нет членов семьи в возрасте 55+ лет и нет до 18 лет
139,Подключен только к Триколор ТВ,Есть,Нет членов семьи в возрасте 55+ лет и нет до 18 лет
140,Подключен только к Триколор ТВ,Нет,Есть члены семьи в возрасте 55+ лет и нет до 18 лет
141,Подключен только к Триколор ТВ,Нет,Есть члены семьи в возрасте 55+ лет и нет до 18 лет
142,Подключен только к Триколор ТВ,Нет,Есть члены семьи в возрасте 55+ лет и нет до 18 лет
143,Подключен только к Триколор ТВ,Есть,Нет членов семьи в возрасте 55+ лет и есть до 18 лет
144,Подключен только к Триколор ТВ,Есть,Нет членов семьи в возрасте 55+ лет и есть до 18 лет
145,Подключен только к Триколор ТВ,Есть,Есть члены семьи в возрасте 55+ лет и нет до 18 лет
146,Подключен только к Триколор ТВ,Нет,Есть члены семьи в возрасте 55+ лет и нет до 18 лет
147,Подключен только к Триколор ТВ,Есть,Нет членов семьи в возрасте 55+ лет и есть до 18 лет
148,Подключен только к Триколор ТВ,Есть,Нет членов семьи в возрасте 55+ лет и есть до 18 лет
149,Подключен только к Триколор ТВ,Есть,Нет членов семьи в возрасте 55+ лет и есть до 18 лет
150,Подключен только к Триколор ТВ,Есть,Есть члены семьи в возрасте 55+ лет и нет до 18 лет
151,Подключен только к Триколор ТВ,Нет,Есть члены семьи в возрасте 55+ лет и нет до 18 лет
152,Подключен только к Триколор ТВ,Есть,Есть члены семьи в возрасте 55+ лет и нет до 18 лет
153,Подключен только к Триколор ТВ,Есть,Нет членов семьи в возрасте 55+ лет и нет до 18 лет
154,Подключен только к Триколор ТВ,Есть,Есть члены семьи в возрасте 55+ лет и нет до 18 лет
155,Подключен только к Триколор ТВ,Есть,Нет членов семьи в возрасте 55+ лет и есть до 18 лет
156,Подключен только к Триколор ТВ,Есть,Есть члены семьи в возрасте 55+ лет и нет до 18 лет
157,Подключен только к Триколор ТВ,Нет,Нет членов семьи в возрасте 55+ лет и есть до 18 лет
158,Подключен только к Триколор ТВ,Нет,Нет членов семьи в возрасте 55+ лет и нет до 18 лет
159,Подключен только к Триколор ТВ,Есть,Есть члены семьи в возрасте 55+ лет и нет до 18 лет
160,Подключен только к Триколор ТВ,Нет,Есть члены семьи в возрасте 55+ лет и нет до 18 лет
161,Подключен только к Триколор ТВ,Есть,Есть члены семьи в возрасте 55+ лет и есть до 18 лет
162,Подключен только к Триколор ТВ,Нет,Нет членов семьи в возрасте 55+ лет и есть до 18 лет
163,Подключен только к Триколор ТВ,Есть,Есть члены семьи в возрасте 55+ лет и нет до 18 лет
164,Подключен к Триколор ТВ и к другому оператору спутникового/кабельного ТВ,Есть,Есть члены семьи в возрасте 55+ лет и нет до 18 лет
165,Подключен только к Триколор ТВ,Есть,Есть члены семьи в возрасте 55+ лет и нет до 18 лет
166,Подключен только к Триколор ТВ,Нет,Есть члены семьи в возрасте 55+ лет и нет до 18 лет
167,Подключен только к Триколор ТВ,Есть,Нет членов семьи в возрасте 55+ лет и есть до 18 лет
168,Подключен только к Триколор ТВ,Нет,Нет членов семьи в возрасте 55+ лет и есть до 18 лет
169,Подключен к Триколор ТВ и к другому оператору спутникового/кабельного ТВ,Есть,Нет членов семьи в возрасте 55+ лет и есть до 18 лет
170,Подключен только к Триколор ТВ,Есть,Есть члены семьи в возрасте 55+ лет и нет до 18 лет
171,Подключен только к Триколор ТВ,Есть,Нет членов семьи в возрасте 55+ лет и нет до 18 лет
172,Подключен только к Триколор ТВ,Есть,Нет членов семьи в возрасте 55+ лет и есть до 18 лет
173,Подключен только к Триколор ТВ,Нет,Есть члены семьи в возрасте 55+ лет и нет до 18 лет
174,Подключен только к Триколор ТВ,Есть,Нет членов семьи в возрасте 55+ лет и есть до 18 лет
175,Подключен только к Триколор ТВ,Есть,Нет членов семьи в возрасте 55+ лет и есть до 18 лет
176,Подключен только к Триколор ТВ,Есть,Нет членов семьи в возрасте 55+ лет и нет до 18 лет
177,Подключен только к Триколор ТВ,Есть,Есть члены семьи в возрасте 55+ лет и есть до 18 лет
178,Подключен только к Триколор ТВ,Есть,Нет членов семьи в возрасте 55+ лет и есть до 18 лет
179,Подключен только к Триколор ТВ,Есть,Нет членов семьи в возрасте 55+ лет и есть до 18 лет
180,Подключен только к Триколор ТВ,Нет,Есть члены семьи в возрасте 55+ лет и нет до 18 лет
181,Подключен только к Триколор ТВ,Есть,Есть члены семьи в возрасте 55+ лет и нет до 18 лет
182,Подключен только к Триколор ТВ,Нет,Есть члены семьи в возрасте 55+ лет и нет до 18 лет
183,Подключен только к Триколор ТВ,Есть,Нет членов семьи в возрасте 55+ лет и есть до 18 лет
184,Подключен только к Триколор ТВ,Есть,Нет членов семьи в возрасте 55+ лет и есть до 18 лет
185,Подключен только к Триколор ТВ,Есть,Нет членов семьи в возрасте 55+ лет и нет до 18 лет
186,Подключен только к Триколор ТВ,Нет,Нет членов семьи в возрасте 55+ лет и нет до 18 лет
187,Подключен только к Триколор ТВ,Есть,Нет членов семьи в возрасте 55+ лет и есть до 18 лет
188,Подключен к Триколор ТВ и к другому оператору спутникового/кабельного ТВ,Есть,Есть члены семьи в возрасте 55+ лет и нет до 18 лет
189,Подключен только к Триколор ТВ,Есть,Есть члены семьи в возрасте 55+ лет и нет до 18 лет
190,Подключен только к Триколор ТВ,Есть,Есть члены семьи в возрасте 55+ лет и нет до 18 лет
191,Подключен только к Триколор ТВ,Есть,Нет членов семьи в возрасте 55+ лет и нет до 18 лет
192,Подключен только к Триколор ТВ,Есть,Нет членов семьи в возрасте 55+ лет и есть до 18 лет
193,Подключен только к Триколор ТВ,Есть,Есть члены семьи в возрасте 55+ лет и нет до 18 лет
194,Подключен только к Триколор ТВ,Есть,Есть члены семьи в возрасте 55+ лет и нет до 18 лет
195,Подключен только к Триколор ТВ,Есть,Нет членов семьи в возрасте 55+ лет и нет до 18 лет
196,Подключен только к Триколор ТВ,Есть,Нет членов семьи в возрасте 55+ лет и нет до 18 лет
197,Подключен только к Триколор ТВ,Нет,Есть члены семьи в возрасте 55+ лет и нет до 18 лет
198,Подключен только к Триколор ТВ,Есть,Есть члены семьи в возрасте 55+ лет и нет до 18 лет
199,Подключен к Триколор ТВ и к другому оператору спутникового/кабельного ТВ,Есть,Есть члены семьи в возрасте 55+ лет и есть до 18 лет
200,Подключен только к Триколор ТВ,Нет,Есть члены семьи в возрасте 55+ лет и нет до 18 лет
201,Подключен только к Триколор ТВ,Нет,Есть члены семьи в возрасте 55+ лет и нет до 18 лет
202,Подключен только к Триколор ТВ,Есть,Нет членов семьи в возрасте 55+ лет и нет до 18 лет
203,Подключен к Триколор ТВ и к другому оператору спутникового/кабельного ТВ,Есть,Нет членов семьи в возрасте 55+ лет и есть до 18 лет
204,Подключен только к Триколор ТВ,Есть,Нет членов семьи в возрасте 55+ лет и есть до 18 лет
205,Подключен только к Триколор ТВ,Есть,Нет членов семьи в возрасте 55+ лет и есть до 18 лет
206,Подключен только к Триколор ТВ,Нет,Нет членов семьи в возрасте 55+ лет и нет до 18 лет
207,Подключен только к Триколор ТВ,Есть,Нет членов семьи в возрасте 55+ лет и есть до 18 лет
208,Подключен к Триколор ТВ и к другому оператору спутникового/кабельного ТВ,Есть,Есть члены семьи в возрасте 55+ лет и нет до 18 лет
209,Подключен только к Триколор ТВ,Нет,Есть члены семьи в возрасте 55+ лет и нет до 18 лет
210,Подключен к Триколор ТВ и к другому оператору спутникового/кабельного ТВ,Есть,Есть члены семьи в возрасте 55+ лет и нет до 18 лет
211,Подключен только к Триколор ТВ,Нет,Есть члены семьи в возрасте 55+ лет и нет до 18 лет
212,Подключен только к Триколор ТВ,Нет,Есть члены семьи в возрасте 55+ лет и нет до 18 лет
213,Подключен к Триколор ТВ и к другому оператору спутникового/кабельного ТВ,Есть,Есть члены семьи в возрасте 55+ лет и есть до 18 лет
214,Подключен только к Триколор ТВ,Нет,Есть члены семьи в возрасте 55+ лет и есть до 18 лет
215,Подключен только к Триколор ТВ,Есть,Нет членов семьи в возрасте 55+ лет и есть до 18 лет
216,Подключен только к Триколор ТВ,Есть,Нет членов семьи в возрасте 55+ лет и нет до 18 лет
217,Подключен только к Триколор ТВ,Есть,Есть члены семьи в возрасте 55+ лет и есть до 18 лет
218,Подключен к Триколор ТВ и к другому оператору спутникового/кабельного ТВ,Есть,Нет членов семьи в возрасте 55+ лет и есть до 18 лет
219,Подключен только к Триколор ТВ,Есть,Есть члены семьи в возрасте 55+ лет и нет до 18 лет
220,Подключен только к Триколор ТВ,Есть,Есть члены семьи в возрасте 55+ лет и нет до 18 лет
221,Подключен только к Триколор ТВ,Есть,Нет членов семьи в возрасте 55+ лет и нет до 18 лет
222,Подключен только к Триколор ТВ,Есть,Нет членов семьи в возрасте 55+ лет и есть до 18 лет
223,Подключен только к Триколор ТВ,Нет,Есть члены семьи в возрасте 55+ лет и нет до 18 лет
224,Подключен только к Триколор ТВ,Есть,Есть члены семьи в возрасте 55+ лет и нет до 18 лет
225,Подключен только к Триколор ТВ,Есть,Есть члены семьи в возрасте 55+ лет и нет до 18 лет
226,Подключен только к Триколор ТВ,Нет,Нет членов семьи в возрасте 55+ лет и нет до 18 лет
227,Подключен к Триколор ТВ и к другому оператору спутникового/кабельного ТВ,Есть,Есть члены семьи в возрасте 55+ лет и нет до 18 лет
228,Подключен только к Триколор ТВ,Нет,Нет членов семьи в возрасте 55+ лет и есть до 18 лет
229,Подключен только к Триколор ТВ,Есть,Есть члены семьи в возрасте 55+ лет и нет до 18 лет
230,Подключен только к Триколор ТВ,Нет,Есть члены семьи в возрасте 55+ лет и нет до 18 лет
231,Подключен только к Триколор ТВ,Есть,Есть члены семьи в возрасте 55+ лет и нет до 18 лет
232,Подключен только к Триколор ТВ,Есть,Есть члены семьи в возрасте 55+ лет и нет до 18 лет
233,Подключен только к Триколор ТВ,Есть,Нет членов семьи в возрасте 55+ лет и нет до 18 лет
234,Подключен только к Триколор ТВ,Есть,Нет членов семьи в возрасте 55+ лет и есть до 18 лет
235,Подключен только к Триколор ТВ,Есть,Нет членов семьи в возрасте 55+ лет и нет до 18 лет
236,Подключен только к Триколор ТВ,Нет,Есть члены семьи в возрасте 55+ лет и нет до 18 лет
237,Подключен только к Триколор ТВ,Есть,Нет членов семьи в возрасте 55+ лет и есть до 18 лет
238,Подключен только к Триколор ТВ,Есть,Есть члены семьи в возрасте 55+ лет и нет до 18 лет
239,Подключен только к Триколор ТВ,Есть,Нет членов семьи в возрасте 55+ лет и есть до 18 лет
240,Подключен только к Триколор ТВ,Нет,Есть члены семьи в возрасте 55+ лет и есть до 18 лет
241,Подключен только к Триколор ТВ,Есть,Есть члены семьи в возрасте 55+ лет и есть до 18 лет
242,Подключен к Триколор ТВ и к другому оператору спутникового/кабельного ТВ,Есть,Нет членов семьи в возрасте 55+ лет и есть до 18 лет
243,Подключен только к Триколор ТВ,Нет,Есть члены семьи в возрасте 55+ лет и нет до 18 лет
244,Подключен только к Триколор ТВ,Нет,Нет членов семьи в возрасте 55+ лет и есть до 18 лет
245,Подключен только к Триколор ТВ,Нет,Есть члены семьи в возрасте 55+ лет и есть до 18 лет
246,Подключен только к Триколор ТВ,Есть,Есть члены семьи в возрасте 55+ лет и нет до 18 лет
247,Подключен только к Триколор ТВ,Есть,Есть члены семьи в возрасте 55+ лет и нет до 18 лет
248,Подключен только к Триколор ТВ,Нет,Нет членов семьи в возрасте 55+ лет и есть до 18 лет
249,Подключен только к Триколор ТВ,Есть,Есть члены семьи в возрасте 55+ лет и есть до 18 лет
250,Подключен только к Триколор ТВ,Есть,Нет членов семьи в возрасте 55+ лет и нет до 18 лет
251,Подключен только к Триколор ТВ,Нет,Нет членов семьи в возрасте 55+ лет и есть до 18 лет
252,Подключен только к Триколор ТВ,Есть,Есть члены семьи в возрасте 55+ лет и нет до 18 лет
253,Подключен только к Триколор ТВ,Есть,Есть члены семьи в возрасте 55+ лет и есть до 18 лет
254,Подключен только к Триколор ТВ,Есть,Нет членов семьи в возрасте 55+ лет и есть до 18 лет
255,Подключен только к Триколор ТВ,Есть,Нет членов семьи в возрасте 55+ лет и есть до 18 лет
256,Подключен только к Триколор ТВ,Нет,Есть члены семьи в возрасте 55+ лет и нет до 18 лет
257,Подключен только к Триколор ТВ,Нет,Есть члены семьи в возрасте 55+ лет и нет до 18 лет
258,Подключен только к Триколор ТВ,Есть,Нет членов семьи в возрасте 55+ лет и нет до 18 лет
259,Подключен только к Триколор ТВ,Есть,Нет членов семьи в возрасте 55+ лет и есть до 18 лет
260,Подключен только к Триколор ТВ,Есть,Нет членов семьи в возрасте 55+ лет и нет до 18 лет
261,Подключен только к Триколор ТВ,Есть,Есть члены семьи в возрасте 55+ лет и нет до 18 лет
262,Подключен только к Триколор ТВ,Есть,Нет членов семьи в возрасте 55+ лет и нет до 18 лет
263,Подключен только к Триколор ТВ,Есть,Есть члены семьи в возрасте 55+ лет и нет до 18 лет
264,Подключен только к Триколор ТВ,Нет,Нет членов семьи в возрасте 55+ лет и есть до 18 лет
265,Подключен только к Триколор ТВ,Есть,Нет членов семьи в возрасте 55+ лет и нет до 18 лет
266,Подключен только к Триколор ТВ,Есть,Есть члены семьи в возрасте 55+ лет и нет до 18 лет
267,Подключен только к Триколор ТВ,Есть,Нет членов семьи в возрасте 55+ лет и есть до 18 лет
268,Подключен только к Триколор ТВ,Есть,Нет членов семьи в возрасте 55+ лет и нет до 18 лет
269,Подключен только к Триколор ТВ,Есть,Нет членов семьи в возрасте 55+ лет и есть до 18 лет
270,Подключен только к Триколор ТВ,Есть,Есть члены семьи в возрасте 55+ лет и нет до 18 лет
271,Подключен только к Триколор ТВ,Нет,Нет членов семьи в возрасте 55+ лет и нет до 18 лет
272,Подключен только к Триколор ТВ,Есть,Есть члены семьи в возрасте 55+ лет и есть до 18 лет
273,Подключен только к Триколор ТВ,Нет,Нет членов семьи в возрасте 55+ лет и нет до 18 лет
274,Подключен только к Триколор ТВ,Есть,Нет членов семьи в возрасте 55+ лет и нет до 18 лет
275,Подключен только к Триколор ТВ,Есть,Нет членов семьи в возрасте 55+ лет и нет до 18 лет
276,Подключен только к Триколор ТВ,Есть,Нет членов семьи в возрасте 55+ лет и есть до 18 лет
277,Подключен только к Триколор ТВ,Нет,Есть члены семьи в возрасте 55+ лет и нет до 18 лет
278,Подключен только к Триколор ТВ,Есть,Нет членов семьи в возрасте 55+ лет и есть до 18 лет
279,Подключен только к Триколор ТВ,Нет,Есть члены семьи в возрасте 55+ лет и нет до 18 лет
280,Подключен только к Триколор ТВ,Нет,Нет членов семьи в возрасте 55+ лет и есть до 18 лет
281,Подключен только к Триколор ТВ,Есть,Есть члены семьи в возрасте 55+ лет и нет до 18 лет
282,Подключен только к Триколор ТВ,Есть,Нет членов семьи в возрасте 55+ лет и есть до 18 лет
283,Подключен только к Триколор ТВ,Нет,Есть члены семьи в возрасте 55+ лет и нет до 18 лет
284,Подключен только к Триколор ТВ,Есть,Есть члены семьи в возрасте 55+ лет и нет до 18 лет
285,Подключен только к Триколор ТВ,Нет,Есть члены семьи в возрасте 55+ лет и нет до 18 лет
286,Подключен только к Триколор ТВ,Нет,Есть члены семьи в возрасте 55+ лет и нет до 18 лет
287,Подключен только к Триколор ТВ,Нет,Нет членов семьи в возрасте 55+ лет и нет до 18 лет
288,Подключен только к Триколор ТВ,Есть,Нет членов семьи в возрасте 55+ лет и есть до 18 лет
289,Подключен только к Триколор ТВ,Есть,Нет членов семьи в возрасте 55+ лет и есть до 18 лет
290,Подключен только к Триколор ТВ,Есть,Нет членов семьи в возрасте 55+ лет и нет до 18 лет
291,Подключен только к Триколор ТВ,Нет,Есть члены семьи в возрасте 55+ лет и нет до 18 лет
292,Подключен только к Триколор ТВ,Есть,Нет членов семьи в возрасте 55+ лет и есть до 18 лет
293,Подключен только к Триколор ТВ,Есть,Нет членов семьи в возрасте 55+ лет и есть до 18 лет
294,Подключен только к Триколор ТВ,Нет,Нет членов семьи в возрасте 55+ лет и нет до 18 лет
295,Подключен только к Триколор ТВ,Есть,Есть члены семьи в возрасте 55+ лет и нет до 18 лет
296,Подключен только к Триколор ТВ,Есть,Нет членов семьи в возрасте 55+ лет и есть до 18 лет
297,Подключен только к Триколор ТВ,Нет,Нет членов семьи в возрасте 55+ лет и нет до 18 лет
298,Подключен только к Триколор ТВ,Есть,Нет членов семьи в возрасте 55+ лет и нет до 18 лет
299,Подключен только к Триколор ТВ,Есть,Есть члены семьи в возрасте 55+ лет и нет до 18 лет
300,Подключен только к Триколор ТВ,Есть,Нет членов семьи в возрасте 55+ лет и есть до 18 лет
301,Подключен только к Триколор ТВ,Есть,Есть члены семьи в возрасте 55+ лет и нет до 18 лет
302,Подключен только к Триколор ТВ,Есть,Нет членов семьи в возрасте 55+ лет и есть до 18 лет
303,Подключен только к Триколор ТВ,Есть,Есть члены семьи в возрасте 55+ лет и есть до 18 лет
304,Подключен к Триколор ТВ и к другому оператору спутникового/кабельного ТВ,Нет,Нет членов семьи в возрасте 55+ лет и есть до 18 лет
305,Подключен только к Триколор ТВ,Есть,Нет членов семьи в возрасте 55+ лет и есть до 18 лет
306,Подключен только к Триколор ТВ,Есть,Есть члены семьи в возрасте 55+ лет и нет до 18 лет
307,Подключен к Триколор ТВ и к другому оператору спутникового/кабельного ТВ,Есть,Есть члены семьи в возрасте 55+ лет и нет до 18 лет
308,Подключен только к Триколор ТВ,Есть,Есть члены семьи в возрасте 55+ лет и нет до 18 лет
309,Подключен только к Триколор ТВ,Нет,Есть члены семьи в возрасте 55+ лет и нет до 18 лет
310,Подключен только к Триколор ТВ,Нет,Нет членов семьи в возрасте 55+ лет и есть до 18 лет
311,Подключен только к Триколор ТВ,Есть,Нет членов семьи в возрасте 55+ лет и нет до 18 лет
312,Подключен только к Триколор ТВ,Есть,Есть члены семьи в возрасте 55+ лет и нет до 18 лет
313,Подключен только к Триколор ТВ,Нет,Нет членов семьи в возрасте 55+ лет и есть до 18 лет
314,Подключен только к Триколор ТВ,Есть,Нет членов семьи в возрасте 55+ лет и нет до 18 лет
315,Подключен только к Триколор ТВ,Есть,Нет членов семьи в возрасте 55+ лет и нет до 18 лет
316,Подключен только к Триколор ТВ,Есть,Нет членов семьи в возрасте 55+ лет и нет до 18 лет
317,Подключен только к Триколор ТВ,Есть,Нет членов семьи в возрасте 55+ лет и есть до 18 лет
318,Подключен к Триколор ТВ и к другому оператору спутникового/кабельного ТВ,Есть,Есть члены семьи в возрасте 55+ лет и нет до 18 лет
319,Подключен только к Триколор ТВ,Есть,Есть члены семьи в возрасте 55+ лет и нет до 18 лет
320,Подключен только к Триколор ТВ,Есть,Есть члены семьи в возрасте 55+ лет и есть до 18 лет
321,Подключен только к Триколор ТВ,Нет,Есть члены семьи в возрасте 55+ лет и нет до 18 лет
322,Подключен только к Триколор ТВ,Есть,Нет членов семьи в возрасте 55+ лет и есть до 18 лет
323,Подключен только к Триколор ТВ,Нет,Есть члены семьи в возрасте 55+ лет и нет до 18 лет
324,Подключен только к Триколор ТВ,Нет,Нет членов семьи в возрасте 55+ лет и нет до 18 лет
325,Подключен только к Триколор ТВ,Есть,Нет членов семьи в возрасте 55+ лет и есть до 18 лет
326,Подключен только к Триколор ТВ,Есть,Есть члены семьи в возрасте 55+ лет и нет до 18 лет
327,Подключен только к Триколор ТВ,Есть,Нет членов семьи в возрасте 55+ лет и есть до 18 лет
328,Подключен только к Триколор ТВ,Нет,Есть члены семьи в возрасте 55+ лет и нет до 18 лет
329,Подключен только к Триколор ТВ,Есть,Есть члены семьи в возрасте 55+ лет и нет до 18 лет
330,Подключен только к Триколор ТВ,Есть,Нет членов семьи в возрасте 55+ лет и есть до 18 лет
331,Подключен к Триколор ТВ и к другому оператору спутникового/кабельного ТВ,Есть,Нет членов семьи в возрасте 55+ лет и есть до 18 лет
332,Подключен только к Триколор ТВ,Нет,Нет членов семьи в возрасте 55+ лет и нет до 18 лет
333,Подключен только к Триколор ТВ,Есть,Есть члены семьи в возрасте 55+ лет и нет до 18 лет
334,Подключен к Триколор ТВ и к другому оператору спутникового/кабельного ТВ,Есть,Нет членов семьи в возрасте 55+ лет и нет до 18 лет
335,Подключен только к Триколор ТВ,Нет,Есть члены семьи в возрасте 55+ лет и нет до 18 лет
336,Подключен только к Триколор ТВ,Есть,Есть члены семьи в возрасте 55+ лет и нет до 18 лет
337,Подключен только к Триколор ТВ,Есть,Есть члены семьи в возрасте 55+ лет и нет до 18 лет
338,Подключен к Триколор ТВ и к другому оператору спутникового/кабельного ТВ,Есть,Нет членов семьи в возрасте 55+ лет и есть до 18 лет
339,Подключен только к Триколор ТВ,Есть,Есть члены семьи в возрасте 55+ лет и нет до 18 лет
340,Подключен только к Триколор ТВ,Есть,Есть члены семьи в возрасте 55+ лет и нет до 18 лет
341,Подключен только к Триколор ТВ,Есть,Есть члены семьи в возрасте 55+ лет и нет до 18 лет
342,Подключен только к Триколор ТВ,Нет,Есть члены семьи в возрасте 55+ лет и нет до 18 лет
343,Подключен только к Триколор ТВ,Нет,Есть члены семьи в возрасте 55+ лет и нет до 18 лет
344,Подключен только к Триколор ТВ,Есть,Нет членов семьи в возрасте 55+ лет и есть до 18 лет
345,Подключен только к Триколор ТВ,Есть,Есть члены семьи в возрасте 55+ лет и нет до 18 лет
346,Подключен только к Триколор ТВ,Есть,Есть члены семьи в возрасте 55+ лет и есть до 18 лет
347,Подключен только к Триколор ТВ,Есть,Есть члены семьи в возрасте 55+ лет и нет до 18 лет
348,Подключен только к Триколор ТВ,Нет,Нет членов семьи в возрасте 55+ лет и есть до 18 лет
349,Подключен только к Триколор ТВ,Нет,Есть члены семьи в возрасте 55+ лет и нет до 18 лет
350,Подключен только к Триколор ТВ,Есть,Нет членов семьи в возрасте 55+ лет и есть до 18 лет
351,Подключен только к Триколор ТВ,Есть,Есть члены семьи в возрасте 55+ лет и нет до 18 лет
352,Подключен только к Триколор ТВ,Есть,Нет членов семьи в возрасте 55+ лет и есть до 18 лет
353,Подключен к Триколор ТВ и к другому оператору спутникового/кабельного ТВ,Есть,Нет членов семьи в возрасте 55+ лет и есть до 18 лет
354,Подключен только к Триколор ТВ,Есть,Нет членов семьи в возрасте 55+ лет и есть до 18 лет
355,Подключен только к Триколор ТВ,Есть,Есть члены семьи в возрасте 55+ лет и нет до 18 лет
356,Подключен только к Триколор ТВ,Нет,Нет членов семьи в возрасте 55+ лет и нет до 18 лет
357,Подключен только к Триколор ТВ,Нет,Нет членов семьи в возрасте 55+ лет и есть до 18 лет
358,Подключен только к Триколор ТВ,Есть,Есть члены семьи в возрасте 55+ лет и нет до 18 лет
359,Подключен только к Триколор ТВ,Есть,Есть члены семьи в возрасте 55+ лет и нет до 18 лет
360,Подключен только к Триколор ТВ,Есть,Есть члены семьи в возрасте 55+ лет и нет до 18 лет
361,Подключен только к Триколор ТВ,Есть,Нет членов семьи в возрасте 55+ лет и есть до 18 лет
362,Подключен только к Триколор ТВ,Нет,Нет членов семьи в возрасте 55+ лет и есть до 18 лет
363,Подключен только к Триколор ТВ,Есть,Нет членов семьи в возрасте 55+ лет и есть до 18 лет
364,Подключен только к Триколор ТВ,Есть,Есть члены семьи в возрасте 55+ лет и есть до 18 лет
365,Подключен только к Триколор ТВ,Нет,Нет членов семьи в возрасте 55+ лет и нет до 18 лет
366,Подключен только к Триколор ТВ,Есть,Есть члены семьи в возрасте 55+ лет и нет до 18 лет
367,Подключен только к Триколор ТВ,Нет,Есть члены семьи в возрасте 55+ лет и нет до 18 лет
368,Подключен только к Триколор ТВ,Нет,Нет членов семьи в возрасте 55+ лет и есть до 18 лет
369,Подключен к Триколор ТВ и к другому оператору спутникового/кабельного ТВ,Есть,Есть члены семьи в возрасте 55+ лет и нет до 18 лет
370,Подключен только к Триколор ТВ,Есть,Есть члены семьи в возрасте 55+ лет и нет до 18 лет
371,Подключен только к Триколор ТВ,Нет,Есть члены семьи в возрасте 55+ лет и нет до 18 лет
372,Подключен к Триколор ТВ и к другому оператору спутникового/кабельного ТВ,Есть,Есть члены семьи в возрасте 55+ лет и нет до 18 лет
373,Подключен только к Триколор ТВ,Есть,Есть члены семьи в возрасте 55+ лет и нет до 18 лет
374,Подключен только к Триколор ТВ,Нет,Нет членов семьи в возрасте 55+ лет и есть до 18 лет
375,Подключен только к Триколор ТВ,Есть,Есть члены семьи в возрасте 55+ лет и нет до 18 лет
376,Подключен только к Триколор ТВ,Есть,Есть члены семьи в возрасте 55+ лет и нет до 18 лет
377,Подключен только к Триколор ТВ,Есть,Нет членов семьи в возрасте 55+ лет и есть до 18 лет
378,Подключен только к Триколор ТВ,Есть,Нет членов семьи в возрасте 55+ лет и нет до 18 лет
379,Подключен только к Триколор ТВ,Есть,Нет членов семьи в возрасте 55+ лет и нет до 18 лет
380,Подключен только к Триколор ТВ,Нет,Нет членов семьи в возрасте 55+ лет и есть до 18 лет
381,Подключен только к Триколор ТВ,Есть,Есть члены семьи в возрасте 55+ лет и нет до 18 лет
382,Подключен только к Триколор ТВ,Есть,Нет членов семьи в возрасте 55+ лет и нет до 18 лет
383,Подключен только к Триколор ТВ,Есть,Есть члены семьи в возрасте 55+ лет и нет до 18 лет
384,Подключен к Триколор ТВ и к другому оператору спутникового/кабельного ТВ,Есть,Нет членов семьи в возрасте 55+ лет и есть до 18 лет
385,Подключен только к Триколор ТВ,Есть,Нет членов семьи в возрасте 55+ лет и нет до 18 лет
386,Подключен к Триколор ТВ и к другому оператору спутникового/кабельного ТВ,Есть,Есть члены семьи в возрасте 55+ лет и нет до 18 лет
387,Подключен только к Триколор ТВ,Есть,Нет членов семьи в возрасте 55+ лет и есть до 18 лет
388,Подключен только к Триколор ТВ,Нет,Есть члены семьи в возрасте 55+ лет и нет до 18 лет
389,Подключен только к Триколор ТВ,Есть,Есть члены семьи в возрасте 55+ лет и нет до 18 лет
390,Подключен только к Триколор ТВ,Есть,Есть члены семьи в возрасте 55+ лет и есть до 18 лет
391,Подключен только к Триколор ТВ,Есть,Есть члены семьи в возрасте 55+ лет и нет до 18 лет
392,Подключен только к Триколор ТВ,Нет,Есть члены семьи в возрасте 55+ лет и нет до 18 лет
393,Подключен только к Триколор ТВ,Есть,Есть члены семьи в возрасте 55+ лет и нет до 18 лет
394,Подключен только к Триколор ТВ,Нет,Есть члены семьи в возрасте 55+ лет и есть до 18 лет
395,Подключен только к Триколор ТВ,Нет,Нет членов семьи в возрасте 55+ лет и нет до 18 лет
396,Подключен только к Триколор ТВ,Есть,Есть члены семьи в возрасте 55+ лет и нет до 18 лет
397,Подключен к Триколор ТВ и к другому оператору спутникового/кабельного ТВ,Есть,Есть члены семьи в возрасте 55+ лет и нет до 18 лет
398,Подключен только к Триколор ТВ,Есть,Есть члены семьи в возрасте 55+ лет и нет до 18 лет
399,Подключен к Триколор ТВ и к другому оператору спутникового/кабельного ТВ,Нет,Есть члены семьи в возрасте 55+ лет и нет до 18 лет
400,Подключен только к Триколор ТВ,Нет,Есть члены семьи в возрасте 55+ лет и нет до 18 лет
401,Подключен только к Триколор ТВ,Есть,Есть члены семьи в возрасте 55+ лет и есть до 18 лет
402,Подключен только к Триколор ТВ,Есть,Есть члены семьи в возрасте 55+ лет и нет до 18 лет
403,Подключен только к Триколор ТВ,Есть,Нет членов семьи в возрасте 55+ лет и есть до 18 лет
404,Подключен только к Триколор ТВ,Нет,Есть члены семьи в возрасте 55+ лет и нет до 18 лет
405,Подключен только к Триколор ТВ,Нет,Нет членов семьи в возрасте 55+ лет и есть до 18 лет
406,Подключен только к Триколор ТВ,Есть,Нет членов семьи в возрасте 55+ лет и есть до 18 лет
407,Подключен только к Триколор ТВ,Нет,Нет членов семьи в возрасте 55+ лет и нет до 18 лет
408,Подключен только к Триколор ТВ,Нет,Нет членов семьи в возрасте 55+ лет и есть до 18 лет
409,Подключен к Триколор ТВ и к другому оператору спутникового/кабельного ТВ,Нет,Есть члены семьи в возрасте 55+ лет и нет до 18 лет
410,Подключен только к Триколор ТВ,Есть,Есть члены семьи в возрасте 55+ лет и нет до 18 лет
411,Подключен только к Триколор ТВ,Есть,Нет членов семьи в возрасте 55+ лет и нет до 18 лет
412,Подключен только к Триколор ТВ,Есть,Нет членов семьи в возрасте 55+ лет и нет до 18 лет
413,Подключен только к Триколор ТВ,Нет,Есть члены семьи в возрасте 55+ лет и нет до 18 лет
414,Подключен только к Триколор ТВ,Есть,Нет членов семьи в возрасте 55+ лет и нет до 18 лет
415,Подключен только к Триколор ТВ,Есть,Есть члены семьи в возрасте 55+ лет и нет до 18 лет
416,Подключен только к Триколор ТВ,Есть,Есть члены семьи в возрасте 55+ лет и нет до 18 лет
417,Подключен только к Триколор ТВ,Есть,Нет членов семьи в возрасте 55+ лет и нет до 18 лет
418,Подключен только к Триколор ТВ,Нет,Нет членов семьи в возрасте 55+ лет и есть до 18 лет
419,Подключен только к Триколор ТВ,Есть,Нет членов семьи в возрасте 55+ лет и есть до 18 лет
420,Подключен только к Триколор ТВ,Есть,Есть члены семьи в возрасте 55+ лет и нет до 18 лет
421,Подключен только к Триколор ТВ,Есть,Нет членов семьи в возрасте 55+ лет и нет до 18 лет
422,Подключен к Триколор ТВ и к другому оператору спутникового/кабельного ТВ,Нет,Есть члены семьи в возрасте 55+ лет и нет до 18 лет
423,Подключен только к Триколор ТВ,Нет,Есть члены семьи в возрасте 55+ лет и нет до 18 лет
424,Подключен к Триколор ТВ и к другому оператору спутникового/кабельного ТВ,Есть,Есть члены семьи в возрасте 55+ лет и есть до 18 лет
425,Подключен только к Триколор ТВ,Есть,Нет членов семьи в возрасте 55+ лет и нет до 18 лет
426,Подключен только к Триколор ТВ,Нет,Есть члены семьи в возрасте 55+ лет и нет до 18 лет
427,Подключен только к Триколор ТВ,Нет,Есть члены семьи в возрасте 55+ лет и нет до 18 лет
428,Подключен только к Триколор ТВ,Нет,Нет членов семьи в возрасте 55+ лет и есть до 18 лет
429,Подключен к Триколор ТВ и к другому оператору спутникового/кабельного ТВ,Нет,Есть члены семьи в возрасте 55+ лет и нет до 18 лет
430,Подключен только к Триколор ТВ,Нет,Есть члены семьи в возрасте 55+ лет и нет до 18 лет
431,Подключен только к Триколор ТВ,Нет,Есть члены семьи в возрасте 55+ лет и нет до 18 лет
432,Подключен только к Триколор ТВ,Есть,Нет членов семьи в возрасте 55+ лет и есть до 18 лет
433,Подключен только к Триколор ТВ,Есть,Нет членов семьи в возрасте 55+ лет и есть до 18 лет
434,Подключен к Триколор ТВ и к другому оператору спутникового/кабельного ТВ,Нет,Нет членов семьи в возрасте 55+ лет и нет до 18 лет
435,Подключен только к Триколор ТВ,Есть,Нет членов семьи в возрасте 55+ лет и есть до 18 лет
436,Подключен только к Триколор ТВ,Есть,Есть члены семьи в возрасте 55+ лет и нет до 18 лет
437,Подключен только к Триколор ТВ,Нет,Нет членов семьи в возрасте 55+ лет и нет до 18 лет
438,Подключен только к Триколор ТВ,Нет,Есть члены семьи в возрасте 55+ лет и нет до 18 лет
439,Подключен только к Триколор ТВ,Есть,Нет членов семьи в возрасте 55+ лет и нет до 18 лет
440,Подключен только к Триколор ТВ,Есть,Нет членов семьи в возрасте 55+ лет и нет до 18 лет
441,Подключен только к Триколор ТВ,Нет,Есть члены семьи в возрасте 55+ лет и нет до 18 лет
442,Подключен только к Триколор ТВ,Есть,Нет членов семьи в возрасте 55+ лет и нет до 18 лет
443,Подключен только к Триколор ТВ,Нет,Нет членов семьи в возрасте 55+ лет и нет до 18 лет
444,Подключен только к Триколор ТВ,Нет,Нет членов семьи в возрасте 55+ лет и есть до 18 лет
445,Подключен только к Триколор ТВ,Нет,Есть члены семьи в возрасте 55+ лет и нет до 18 лет
446,Подключен только к Триколор ТВ,Есть,Нет членов семьи в возрасте 55+ лет и нет до 18 лет
447,Подключен только к Триколор ТВ,Нет,Нет членов семьи в возрасте 55+ лет и нет до 18 лет
448,Подключен только к Триколор ТВ,Нет,Нет членов семьи в возрасте 55+ лет и есть до 18 лет
449,Подключен только к Триколор ТВ,Нет,Есть члены семьи в возрасте 55+ лет и нет до 18 лет
450,Подключен только к Триколор ТВ,Есть,Нет членов семьи в возрасте 55+ лет и есть до 18 лет
451,Подключен только к Триколор ТВ,Есть,Нет членов семьи в возрасте 55+ лет и есть до 18 лет
452,Подключен только к Триколор ТВ,Нет,Есть члены семьи в возрасте 55+ лет и нет до 18 лет
453,Подключен только к Триколор ТВ,Есть,Есть члены семьи в возрасте 55+ лет и нет до 18 лет
454,Подключен только к Триколор ТВ,Есть,Нет членов семьи в возрасте 55+ лет и есть до 18 лет
455,Подключен к Триколор ТВ и к другому оператору спутникового/кабельного ТВ,Есть,Есть члены семьи в возрасте 55+ лет и нет до 18 лет
456,Подключен только к Триколор ТВ,Есть,Нет членов семьи в возрасте 55+ лет и есть до 18 лет
457,Подключен только к Триколор ТВ,Есть,Нет членов семьи в возрасте 55+ лет и нет до 18 лет
458,Подключен только к Триколор ТВ,Нет,Нет членов семьи в возрасте 55+ лет и есть до 18 лет
459,Подключен только к Триколор ТВ,Есть,Есть члены семьи в возрасте 55+ лет и нет до 18 лет
460,Подключен только к Триколор ТВ,Нет,Есть члены семьи в возрасте 55+ лет и нет до 18 лет
461,Подключен к Триколор ТВ и к другому оператору спутникового/кабельного ТВ,Есть,Есть члены семьи в возрасте 55+ лет и нет до 18 лет
462,Подключен только к Триколор ТВ,Есть,Есть члены семьи в возрасте 55+ лет и нет до 18 лет
463,Подключен только к Триколор ТВ,Есть,Есть члены семьи в возрасте 55+ лет и есть до 18 лет
464,Подключен только к Триколор ТВ,Нет,Есть члены семьи в возрасте 55+ лет и нет до 18 лет
465,Подключен к Триколор ТВ и к другому оператору спутникового/кабельного ТВ,Есть,Нет членов семьи в возрасте 55+ лет и есть до 18 лет
466,Подключен только к Триколор ТВ,Есть,Есть члены семьи в возрасте 55+ лет и есть до 18 лет
467,Подключен только к Триколор ТВ,Есть,Есть члены семьи в возрасте 55+ лет и нет до 18 лет
468,Подключен только к Триколор ТВ,Есть,Есть члены семьи в возрасте 55+ лет и нет до 18 лет
469,Подключен только к Триколор ТВ,Есть,Нет членов семьи в возрасте 55+ лет и нет до 18 лет
470,Подключен только к Триколор ТВ,Нет,Нет членов семьи в возрасте 55+ лет и есть до 18 лет
471,Подключен только к Триколор ТВ,Есть,Есть члены семьи в возрасте 55+ лет и нет до 18 лет
472,Подключен только к Триколор ТВ,Есть,Есть члены семьи в возрасте 55+ лет и нет до 18 лет
473,Подключен к Триколор ТВ и к другому оператору спутникового/кабельного ТВ,Есть,Нет членов семьи в возрасте 55+ лет и нет до 18 лет
474,Подключен только к Триколор ТВ,Нет,Есть члены семьи в возрасте 55+ лет и есть до 18 лет
475,Подключен только к Триколор ТВ,Есть,Нет членов семьи в возрасте 55+ лет и есть до 18 лет
476,Подключен только к Триколор ТВ,Есть,Нет членов семьи в возрасте 55+ лет и есть до 18 лет
477,Подключен только к Триколор ТВ,Нет,Есть члены семьи в возрасте 55+ лет и нет до 18 лет
478,Подключен к Триколор ТВ и к другому оператору спутникового/кабельного ТВ,Есть,Нет членов семьи в возрасте 55+ лет и нет до 18 лет
479,Подключен только к Триколор ТВ,Есть,Нет членов семьи в возрасте 55+ лет и есть до 18 лет
480,Подключен только к Триколор ТВ,Нет,Есть члены семьи в возрасте 55+ лет и есть до 18 лет
481,Подключен только к Триколор ТВ,Есть,Нет членов семьи в возрасте 55+ лет и нет до 18 лет
482,Подключен только к Триколор ТВ,Нет,Нет членов семьи в возрасте 55+ лет и есть до 18 лет
483,Подключен только к Триколор ТВ,Есть,Нет членов семьи в возрасте 55+ лет и нет до 18 лет
484,Подключен только к Триколор ТВ,Есть,Нет членов семьи в возрасте 55+ лет и есть до 18 лет
485,Подключен к Триколор ТВ и к другому оператору спутникового/кабельного ТВ,Есть,Есть члены семьи в возрасте 55+ лет и нет до 18 лет
486,Подключен только к Триколор ТВ,Нет,Есть члены семьи в возрасте 55+ лет и нет до 18 лет
487,Подключен только к Триколор ТВ,Есть,Есть члены семьи в возрасте 55+ лет и нет до 18 лет
488,Подключен только к Триколор ТВ,Нет,Нет членов семьи в возрасте 55+ лет и есть до 18 лет
489,Подключен только к Триколор ТВ,Есть,Есть члены семьи в возрасте 55+ лет и есть до 18 лет
490,Подключен только к Триколор ТВ,Нет,Нет членов семьи в возрасте 55+ лет и нет до 18 лет
491,Подключен только к Триколор ТВ,Нет,Есть члены семьи в возрасте 55+ лет и нет до 18 лет
492,Подключен к Триколор ТВ и к другому оператору спутникового/кабельного ТВ,Есть,Есть члены семьи в возрасте 55+ лет и нет до 18 лет
493,Подключен только к Триколор ТВ,Нет,Есть члены семьи в возрасте 55+ лет и нет до 18 лет
494,Подключен только к Триколор ТВ,Нет,Нет членов семьи в возрасте 55+ лет и нет до 18 лет
495,Подключен только к Триколор ТВ,Есть,Есть члены семьи в возрасте 55+ лет и нет до 18 лет
496,Подключен только к Триколор ТВ,Нет,Нет членов семьи в возрасте 55+ лет и есть до 18 лет
497,Подключен только к Триколор ТВ,Есть,Нет членов семьи в возрасте 55+ лет и нет до 18 лет
498,Подключен к Триколор ТВ и к другому оператору спутникового/кабельного ТВ,Есть,Нет членов семьи в возрасте 55+ лет и нет до 18 лет
499,Подключен только к Триколор ТВ,Есть,Нет членов семьи в возрасте 55+ лет и есть до 18 лет
500,Подключен только к Триколор ТВ,Есть,Нет членов семьи в возрасте 55+ лет и есть до 18 лет
501,Подключен только к Триколор ТВ,Есть,Есть члены семьи в возрасте 55+ лет и нет до 18 лет
502,Подключен только к Триколор ТВ,Есть,Есть члены семьи в возрасте 55+ лет и нет до 18 лет
503,Подключен только к Триколор ТВ,Есть,Есть члены семьи в возрасте 55+ лет и нет до 18 лет
504,Подключен только к Триколор ТВ,Есть,Нет членов семьи в возрасте 55+ лет и нет до 18 лет
505,Подключен только к Триколор ТВ,Нет,Нет членов семьи в возрасте 55+ лет и есть до 18 лет
506,Подключен только к Триколор ТВ,Есть,Нет членов семьи в возрасте 55+ лет и есть до 18 лет
507,Подключен только к Триколор ТВ,Есть,Нет членов семьи в возрасте 55+ лет и есть до 18 лет
508,Подключен только к Триколор ТВ,Нет,Есть члены семьи в возрасте 55+ лет и нет до 18 лет
509,Подключен только к Триколор ТВ,Нет,Нет членов семьи в возрасте 55+ лет и есть до 18 лет
510,Подключен только к Триколор ТВ,Есть,Есть члены семьи в возрасте 55+ лет и нет до 18 лет
511,Подключен только к Триколор ТВ,Нет,Есть члены семьи в возрасте 55+ лет и есть до 18 лет
512,Подключен только к Триколор ТВ,Есть,Есть члены семьи в возрасте 55+ лет и нет до 18 лет
513,Подключен только к Триколор ТВ,Есть,Нет членов семьи в возрасте 55+ лет и есть до 18 лет
514,Подключен только к Триколор ТВ,Нет,Нет членов семьи в возрасте 55+ лет и есть до 18 лет
515,Подключен только к Триколор ТВ,Есть,Нет членов семьи в возрасте 55+ лет и нет до 18 лет
516,Подключен только к Триколор ТВ,Есть,Нет членов семьи в возрасте 55+ лет и есть до 18 лет
517,Подключен только к Триколор ТВ,Есть,Есть члены семьи в возрасте 55+ лет и нет до 18 лет
518,Подключен только к Триколор ТВ,Нет,Есть члены семьи в возрасте 55+ лет и нет до 18 лет
519,Подключен только к Триколор ТВ,Нет,Нет членов семьи в возрасте 55+ лет и есть до 18 лет
520,Подключен только к Триколор ТВ,Нет,Есть члены семьи в возрасте 55+ лет и нет до 18 лет
521,Подключен только к Триколор ТВ,Есть,Есть члены семьи в возрасте 55+ лет и есть до 18 лет
522,Подключен к Триколор ТВ и к другому оператору спутникового/кабельного ТВ,Есть,Есть члены семьи в возрасте 55+ лет и нет до 18 лет
523,Подключен к Триколор ТВ и к другому оператору спутникового/кабельного ТВ,Нет,Есть члены семьи в возрасте 55+ лет и нет до 18 лет
524,Подключен к Триколор ТВ и к другому оператору спутникового/кабельного ТВ,Нет,Нет членов семьи в возрасте 55+ лет и есть до 18 лет
525,Подключен к Триколор ТВ и к другому оператору спутникового/кабельного ТВ,Есть,Нет членов семьи в возрасте 55+ лет и есть до 18 лет
526,Подключен только к Триколор ТВ,Нет,Нет членов семьи в возрасте 55+ лет и нет до 18 лет
527,Подключен только к Триколор ТВ,Есть,Есть члены семьи в возрасте 55+ лет и нет до 18 лет
528,Подключен только к Триколор ТВ,Нет,Есть члены семьи в возрасте 55+ лет и нет до 18 лет
529,Подключен только к Триколор ТВ,Есть,Есть члены семьи в возрасте 55+ лет и нет до 18 лет
530,Подключен к Триколор ТВ и к другому оператору спутникового/кабельного ТВ,Есть,Есть члены семьи в возрасте 55+ лет и нет до 18 лет
531,Подключен только к Триколор ТВ,Нет,Нет членов семьи в возрасте 55+ лет и есть до 18 лет
532,Подключен только к Триколор ТВ,Есть,Нет членов семьи в возрасте 55+ лет и есть до 18 лет
533,Подключен только к Триколор ТВ,Нет,Нет членов семьи в возрасте 55+ лет и есть до 18 лет
534,Подключен только к Триколор ТВ,Есть,Нет членов семьи в возрасте 55+ лет и есть до 18 лет
535,Подключен только к Триколор ТВ,Есть,Есть члены семьи в возрасте 55+ лет и есть до 18 лет
536,Подключен только к Триколор ТВ,Есть,Есть члены семьи в возрасте 55+ лет и нет до 18 лет
537,Подключен только к Триколор ТВ,Есть,Есть члены семьи в возрасте 55+ лет и нет до 18 лет
538,Подключен к Триколор ТВ и к другому оператору спутникового/кабельного ТВ,Есть,Нет членов семьи в возрасте 55+ лет и нет до 18 лет
539,Подключен только к Триколор ТВ,Есть,Есть члены семьи в возрасте 55+ лет и нет до 18 лет
540,Подключен только к Триколор ТВ,Есть,Нет членов семьи в возрасте 55+ лет и нет до 18 лет
541,Подключен только к Триколор ТВ,Нет,Есть члены семьи в возрасте 55+ лет и нет до 18 лет
542,Подключен только к Триколор ТВ,Есть,Нет членов семьи в возрасте 55+ лет и есть до 18 лет
543,Подключен только к Триколор ТВ,Нет,Есть члены семьи в возрасте 55+ лет и нет до 18 лет
544,Подключен к Триколор ТВ и к другому оператору спутникового/кабельного ТВ,Есть,Есть члены семьи в возрасте 55+ лет и нет до 18 лет
545,Подключен только к Триколор ТВ,Есть,Есть члены семьи в возрасте 55+ лет и нет до 18 лет
546,Подключен только к Триколор ТВ,Нет,Нет членов семьи в возрасте 55+ лет и есть до 18 лет
547,Подключен только к Триколор ТВ,Нет,Нет членов семьи в возрасте 55+ лет и есть до 18 лет
548,Подключен к Триколор ТВ и к другому оператору спутникового/кабельного ТВ,Есть,Нет членов семьи в возрасте 55+ лет и есть до 18 лет
549,Подключен только к Триколор ТВ,Есть,Есть члены семьи в возрасте 55+ лет и нет до 18 лет
550,Подключен только к Триколор ТВ,Есть,Нет членов семьи в возрасте 55+ лет и нет до 18 лет
551,Подключен к Триколор ТВ и к другому оператору спутникового/кабельного ТВ,Нет,Есть члены семьи в возрасте 55+ лет и нет до 18 лет
552,Подключен только к Триколор ТВ,Нет,Есть члены семьи в возрасте 55+ лет и нет до 18 лет
553,Подключен только к Триколор ТВ,Есть,Нет членов семьи в возрасте 55+ лет и есть до 18 лет
554,Подключен только к Триколор ТВ,Нет,Нет членов семьи в возрасте 55+ лет и есть до 18 лет
555,Подключен только к Триколор ТВ,Нет,Нет членов семьи в возрасте 55+ лет и нет до 18 лет
556,Подключен только к Триколор ТВ,Есть,Нет членов семьи в возрасте 55+ лет и есть до 18 лет
557,Подключен только к Триколор ТВ,Нет,Нет членов семьи в возрасте 55+ лет и нет до 18 лет
558,Подключен только к Триколор ТВ,Есть,Есть члены семьи в возрасте 55+ лет и нет до 18 лет
559,Подключен только к Триколор ТВ,Есть,Нет членов семьи в возрасте 55+ лет и нет до 18 лет
560,Подключен только к Триколор ТВ,Есть,Есть члены семьи в возрасте 55+ лет и нет до 18 лет
561,Подключен только к Триколор ТВ,Нет,Есть члены семьи в возрасте 55+ лет и нет до 18 лет
562,Подключен только к Триколор ТВ,Есть,Нет членов семьи в возрасте 55+ лет и есть до 18 лет
563,Подключен только к Триколор ТВ,Нет,Есть члены семьи в возрасте 55+ лет и нет до 18 лет
564,Подключен только к Триколор ТВ,Есть,Нет членов семьи в возрасте 55+ лет и есть до 18 лет
565,Подключен только к Триколор ТВ,Есть,Есть члены семьи в возрасте 55+ лет и нет до 18 лет
566,Подключен только к Триколор ТВ,Нет,Есть члены семьи в возрасте 55+ лет и нет до 18 лет
567,Подключен только к Триколор ТВ,Нет,Есть члены семьи в возрасте 55+ лет и нет до 18 лет
568,Подключен только к Триколор ТВ,Нет,Нет членов семьи в возрасте 55+ лет и есть до 18 лет
569,Подключен только к Триколор ТВ,Нет,Есть члены семьи в возрасте 55+ лет и нет до 18 лет
570,Подключен только к Триколор ТВ,Нет,Нет членов семьи в возрасте 55+ лет и нет до 18 лет
571,Подключен только к Триколор ТВ,Есть,Нет членов семьи в возрасте 55+ лет и нет до 18 лет
572,Подключен только к Триколор ТВ,Есть,Есть члены семьи в возрасте 55+ лет и есть до 18 лет
573,Подключен только к Триколор ТВ,Нет,Есть члены семьи в возрасте 55+ лет и есть до 18 лет
574,Подключен только к Триколор ТВ,Есть,Нет членов семьи в возрасте 55+ лет и нет до 18 лет
575,Подключен только к Триколор ТВ,Есть,Есть члены семьи в возрасте 55+ лет и есть до 18 лет
576,Подключен только к Триколор ТВ,Нет,Нет членов семьи в возрасте 55+ лет и есть до 18 лет
577,Подключен только к Триколор ТВ,Есть,Есть члены семьи в возрасте 55+ лет и нет до 18 лет
578,Подключен только к Триколор ТВ,Нет,Нет членов семьи в возрасте 55+ лет и нет до 18 лет
579,Подключен к Триколор ТВ и к другому оператору спутникового/кабельного ТВ,Есть,Есть члены семьи в возрасте 55+ лет и нет до 18 лет
580,Подключен только к Триколор ТВ,Есть,Нет членов семьи в возрасте 55+ лет и нет до 18 лет
581,Подключен к Триколор ТВ и к другому оператору спутникового/кабельного ТВ,Есть,Нет членов семьи в возрасте 55+ лет и есть до 18 лет
582,Подключен только к Триколор ТВ,Нет,Нет членов семьи в возрасте 55+ лет и нет до 18 лет
583,Подключен только к Триколор ТВ,Нет,Есть члены семьи в возрасте 55+ лет и есть до 18 лет
584,Подключен только к Триколор ТВ,Есть,Есть члены семьи в возрасте 55+ лет и нет до 18 лет
585,Подключен только к Триколор ТВ,Есть,Есть члены семьи в возрасте 55+ лет и есть до 18 лет
586,Подключен только к Триколор ТВ,Нет,Есть члены семьи в возрасте 55+ лет и нет до 18 лет
587,Подключен к Триколор ТВ и к другому оператору спутникового/кабельного ТВ,Есть,Есть члены семьи в возрасте 55+ лет и нет до 18 лет
588,Подключен только к Триколор ТВ,Нет,Нет членов семьи в возрасте 55+ лет и есть до 18 лет
589,Подключен только к Триколор ТВ,Есть,Есть члены семьи в возрасте 55+ лет и нет до 18 лет
590,Подключен к Триколор ТВ и к другому оператору спутникового/кабельного ТВ,Есть,Нет членов семьи в возрасте 55+ лет и есть до 18 лет
591,Подключен к Триколор ТВ и к другому оператору спутникового/кабельного ТВ,Есть,Нет членов семьи в возрасте 55+ лет и нет до 18 лет
592,Подключен к Триколор ТВ и к другому оператору спутникового/кабельного ТВ,Есть,Есть члены семьи в возрасте 55+ лет и нет до 18 лет
593,Подключен только к Триколор ТВ,Нет,Нет членов семьи в возрасте 55+ лет и есть до 18 лет
594,Подключен только к Триколор ТВ,Нет,Нет членов семьи в возрасте 55+ лет и нет до 18 лет
595,Подключен только к Триколор ТВ,Есть,Нет членов семьи в возрасте 55+ лет и нет до 18 лет
596,Подключен только к Триколор ТВ,Нет,Есть члены семьи в возрасте 55+ лет и нет до 18 лет
597,Подключен только к Триколор ТВ,Есть,Нет членов семьи в возрасте 55+ лет и нет до 18 лет
598,Подключен к Триколор ТВ и к другому оператору спутникового/кабельного ТВ,Нет,Нет членов семьи в возрасте 55+ лет и есть до 18 лет
599,Подключен только к Триколор ТВ,Есть,Есть члены семьи в возрасте 55+ лет и нет до 18 лет
600,Подключен только к Триколор ТВ,Нет,Нет членов семьи в возрасте 55+ лет и нет до 18 лет
601,Подключен только к Триколор ТВ,Нет,Есть члены семьи в возрасте 55+ лет и нет до 18 лет
602,Подключен только к Триколор ТВ,Нет,Есть члены семьи в возрасте 55+ лет и нет до 18 лет
603,Подключен только к Триколор ТВ,Нет,Есть члены семьи в возрасте 55+ лет и нет до 18 лет
604,Подключен только к Триколор ТВ,Нет,Нет членов семьи в возрасте 55+ лет и есть до 18 лет
605,Подключен только к Триколор ТВ,Нет,Есть члены семьи в возрасте 55+ лет и нет до 18 лет
606,Подключен только к Триколор ТВ,Нет,Нет членов семьи в возрасте 55+ лет и нет до 18 лет
607,Подключен только к Триколор ТВ,Есть,Нет членов семьи в возрасте 55+ лет и есть до 18 лет
608,Подключен только к Триколор ТВ,Нет,Нет членов семьи в возрасте 55+ лет и нет до 18 лет
609,Подключен только к Триколор ТВ,Есть,Нет членов семьи в возрасте 55+ лет и нет до 18 лет
610,Подключен только к Триколор ТВ,Есть,Нет членов семьи в возрасте 55+ лет и нет до 18 лет
611,Подключен к Триколор ТВ и к другому оператору спутникового/кабельного ТВ,Есть,Нет членов семьи в возрасте 55+ лет и есть до 18 лет
612,Подключен к Триколор ТВ и к другому оператору спутникового/кабельного ТВ,Есть,Есть члены семьи в возрасте 55+ лет и есть до 18 лет
613,Подключен только к Триколор ТВ,Есть,Есть члены семьи в возрасте 55+ лет и нет до 18 лет
614,Подключен только к Триколор ТВ,Есть,Есть члены семьи в возрасте 55+ лет и есть до 18 лет
615,Подключен только к Триколор ТВ,Есть,Нет членов семьи в возрасте 55+ лет и есть до 18 лет
616,Подключен только к Триколор ТВ,Нет,Нет членов семьи в возрасте 55+ лет и нет до 18 лет
617,Подключен только к Триколор ТВ,Есть,Есть члены семьи в возрасте 55+ лет и нет до 18 лет
618,Подключен только к Триколор ТВ,Есть,Нет членов семьи в возрасте 55+ лет и есть до 18 лет
619,Подключен к Триколор ТВ и к другому оператору спутникового/кабельного ТВ,Есть,Есть члены семьи в возрасте 55+ лет и нет до 18 лет
620,Подключен только к Триколор ТВ,Нет,Нет членов семьи в возрасте 55+ лет и нет до 18 лет
621,Подключен только к Триколор ТВ,Нет,Нет членов семьи в возрасте 55+ лет и есть до 18 лет
622,Подключен только к Триколор ТВ,Есть,Нет членов семьи в возрасте 55+ лет и есть до 18 лет
623,Подключен только к Триколор ТВ,Есть,Нет членов семьи в возрасте 55+ лет и есть до 18 лет
624,Подключен только к Триколор ТВ,Есть,Нет членов семьи в возрасте 55+ лет и есть до 18 лет
625,Подключен только к Триколор ТВ,Есть,Есть члены семьи в возрасте 55+ лет и есть до 18 лет
626,Подключен только к Триколор ТВ,Есть,Есть члены семьи в возрасте 55+ лет и нет до 18 лет
627,Подключен только к Триколор ТВ,Нет,Есть члены семьи в возрасте 55+ лет и нет до 18 лет
628,Подключен только к Триколор ТВ,Есть,Есть члены семьи в возрасте 55+ лет и есть до 18 лет
629,Подключен только к Триколор ТВ,Есть,Есть члены семьи в возрасте 55+ лет и нет до 18 лет
630,Подключен только к Триколор ТВ,Есть,Нет членов семьи в возрасте 55+ лет и есть до 18 лет
631,Подключен только к Триколор ТВ,Есть,Нет членов семьи в возрасте 55+ лет и нет до 18 лет
632,Подключен к Триколор ТВ и к другому оператору спутникового/кабельного ТВ,Есть,Нет членов семьи в возрасте 55+ лет и нет до 18 лет
633,Подключен только к Триколор ТВ,Есть,Нет членов семьи в возрасте 55+ лет и нет до 18 лет
634,Подключен только к Триколор ТВ,Нет,Есть члены семьи в возрасте 55+ лет и нет до 18 лет
635,Подключен только к Триколор ТВ,Есть,Нет членов семьи в возрасте 55+ лет и нет до 18 лет
636,Подключен только к Триколор ТВ,Есть,Нет членов семьи в возрасте 55+ лет и нет до 18 лет
637,Подключен к Триколор ТВ и к другому оператору спутникового/кабельного ТВ,Есть,Есть члены семьи в возрасте 55+ лет и нет до 18 лет
638,Подключен только к Триколор ТВ,Есть,Есть члены семьи в возрасте 55+ лет и нет до 18 лет
639,Подключен только к Триколор ТВ,Есть,Нет членов семьи в возрасте 55+ лет и нет до 18 лет
640,Подключен только к Триколор ТВ,Нет,Есть члены семьи в возрасте 55+ лет и нет до 18 лет
641,Подключен только к Триколор ТВ,Есть,Нет членов семьи в возрасте 55+ лет и есть до 18 лет
642,Подключен только к Триколор ТВ,Нет,Есть члены семьи в возрасте 55+ лет и нет до 18 лет
643,Подключен только к Триколор ТВ,Нет,Есть члены семьи в возрасте 55+ лет и нет до 18 лет
644,Подключен только к Триколор ТВ,Есть,Есть члены семьи в возрасте 55+ лет и нет до 18 лет
645,Подключен только к Триколор ТВ,Есть,Есть члены семьи в возрасте 55+ лет и нет до 18 лет
646,Подключен только к Триколор ТВ,Нет,Есть члены семьи в возрасте 55+ лет и нет до 18 лет
647,Подключен только к Триколор ТВ,Есть,Есть члены семьи в возрасте 55+ лет и нет до 18 лет
648,Подключен только к Триколор ТВ,Есть,Нет членов семьи в возрасте 55+ лет и нет до 18 лет
649,Подключен только к Триколор ТВ,Нет,Есть члены семьи в возрасте 55+ лет и нет до 18 лет
650,Подключен к Триколор ТВ и к другому оператору спутникового/кабельного ТВ,Есть,Есть члены семьи в возрасте 55+ лет и нет до 18 лет
651,Подключен только к Триколор ТВ,Нет,Есть члены семьи в возрасте 55+ лет и нет до 18 лет
652,Подключен только к Триколор ТВ,Есть,Есть члены семьи в возрасте 55+ лет и нет до 18 лет
653,Подключен только к Триколор ТВ,Есть,Нет членов семьи в возрасте 55+ лет и нет до 18 лет
654,Подключен только к Триколор ТВ,Нет,Нет членов семьи в возрасте 55+ лет и нет до 18 лет
655,Подключен только к Триколор ТВ,Есть,Нет членов семьи в возрасте 55+ лет и нет до 18 лет
656,Подключен только к Триколор ТВ,Нет,Нет членов семьи в возрасте 55+ лет и есть до 18 лет
657,Подключен только к Триколор ТВ,Нет,Есть члены семьи в возрасте 55+ лет и нет до 18 лет
658,Подключен только к Триколор ТВ,Есть,Нет членов семьи в возрасте 55+ лет и есть до 18 лет
659,Подключен к Триколор ТВ и к другому оператору спутникового/кабельного ТВ,Нет,Есть члены семьи в возрасте 55+ лет и есть до 18 лет
660,Подключен только к Триколор ТВ,Нет,Есть члены семьи в возрасте 55+ лет и нет до 18 лет
661,Подключен только к Триколор ТВ,Есть,Есть члены семьи в возрасте 55+ лет и есть до 18 лет
662,Подключен только к Триколор ТВ,Есть,Нет членов семьи в возрасте 55+ лет и нет до 18 лет
663,Подключен только к Триколор ТВ,Нет,Есть члены семьи в возрасте 55+ лет и нет до 18 лет
664,Подключен только к Триколор ТВ,Есть,Есть члены семьи в возрасте 55+ лет и есть до 18 лет
665,Подключен только к Триколор ТВ,Есть,Нет членов семьи в возрасте 55+ лет и есть до 18 лет
666,Подключен только к Триколор ТВ,Нет,Есть члены семьи в возрасте 55+ лет и нет до 18 лет
667,Подключен только к Триколор ТВ,Нет,Есть члены семьи в возрасте 55+ лет и нет до 18 лет
668,Подключен только к Триколор ТВ,Нет,Есть члены семьи в возрасте 55+ лет и нет до 18 лет
669,Подключен только к Триколор ТВ,Нет,Есть члены семьи в возрасте 55+ лет и нет до 18 лет
670,Подключен только к Триколор ТВ,Нет,Есть члены семьи в возрасте 55+ лет и нет до 18 лет
671,Подключен только к Триколор ТВ,Есть,Нет членов семьи в возрасте 55+ лет и есть до 18 лет
672,Подключен только к Триколор ТВ,Есть,Нет членов семьи в возрасте 55+ лет и нет до 18 лет
673,Подключен только к Триколор ТВ,Нет,Есть члены семьи в возрасте 55+ лет и нет до 18 лет
674,Подключен только к Триколор ТВ,Есть,Есть члены семьи в возрасте 55+ лет и нет до 18 лет
675,Подключен только к Триколор ТВ,Есть,Нет членов семьи в возрасте 55+ лет и нет до 18 лет
676,Подключен только к Триколор ТВ,Нет,Есть члены семьи в возрасте 55+ лет и нет до 18 лет
677,Подключен только к Триколор ТВ,Есть,Нет членов семьи в возрасте 55+ лет и нет до 18 лет
678,Подключен только к Триколор ТВ,Есть,Нет членов семьи в возрасте 55+ лет и есть до 18 лет
679,Подключен только к Триколор ТВ,Есть,Нет членов семьи в возрасте 55+ лет и есть до 18 лет
680,Подключен только к Триколор ТВ,Нет,Есть члены семьи в возрасте 55+ лет и нет до 18 лет
681,Подключен только к Триколор ТВ,Есть,Есть члены семьи в возрасте 55+ лет и нет до 18 лет
682,Подключен только к Триколор ТВ,Нет,Нет членов семьи в возрасте 55+ лет и нет до 18 лет
683,Подключен только к Триколор ТВ,Нет,Есть члены семьи в возрасте 55+ лет и нет до 18 лет
684,Подключен только к Триколор ТВ,Есть,Есть члены семьи в возрасте 55+ лет и нет до 18 лет
685,Подключен только к Триколор ТВ,Есть,Нет членов семьи в возрасте 55+ лет и есть до 18 лет
686,Подключен только к Триколор ТВ,Есть,Есть члены семьи в возрасте 55+ лет и нет до 18 лет
687,Подключен только к Триколор ТВ,Есть,Нет членов семьи в возрасте 55+ лет и есть до 18 лет
688,Подключен только к Триколор ТВ,Есть,Есть члены семьи в возрасте 55+ лет и нет до 18 лет
689,Подключен только к Триколор ТВ,Есть,Нет членов семьи в возрасте 55+ лет и есть до 18 лет
690,Подключен только к Триколор ТВ,Нет,Есть члены семьи в возрасте 55+ лет и нет до 18 лет
691,Подключен только к Триколор ТВ,Есть,Есть члены семьи в возрасте 55+ лет и нет до 18 лет
692,Подключен только к Триколор ТВ,Нет,Есть члены семьи в возрасте 55+ лет и нет до 18 лет
693,Подключен только к Триколор ТВ,Нет,Есть члены семьи в возрасте 55+ лет и нет до 18 лет
694,Подключен только к Триколор ТВ,Нет,Нет членов семьи в возрасте 55+ лет и есть до 18 лет
695,Подключен только к Триколор ТВ,Нет,Нет членов семьи в возрасте 55+ лет и есть до 18 лет
696,Подключен только к Триколор ТВ,Есть,Есть члены семьи в возрасте 55+ лет и нет до 18 лет
697,Подключен только к Триколор ТВ,Есть,Есть члены семьи в возрасте 55+ лет и нет до 18 лет
698,Подключен только к Триколор ТВ,Нет,Есть члены семьи в возрасте 55+ лет и нет до 18 лет
699,Подключен только к Триколор ТВ,Нет,Нет членов семьи в возрасте 55+ лет и есть до 18 лет
700,Подключен только к Триколор ТВ,Есть,Нет членов семьи в возрасте 55+ лет и нет до 18 лет
701,Подключен только к Триколор ТВ,Есть,Нет членов семьи в возрасте 55+ лет и нет до 18 лет
702,Подключен только к Триколор ТВ,Есть,Нет членов семьи в возрасте 55+ лет и есть до 18 лет
703,Подключен только к Триколор ТВ,Есть,Нет членов семьи в возрасте 55+ лет и нет до 18 лет
704,Подключен только к Триколор ТВ,Нет,Есть члены семьи в возрасте 55+ лет и нет до 18 лет
705,Подключен к Триколор ТВ и к другому оператору спутникового/кабельного ТВ,Есть,Есть члены семьи в возрасте 55+ лет и есть до 18 лет
706,Подключен только к Триколор ТВ,Нет,Есть члены семьи в возрасте 55+ лет и нет до 18 лет
707,Подключен только к Триколор ТВ,Есть,Нет членов семьи в возрасте 55+ лет и есть до 18 лет
708,Подключен только к Триколор ТВ,Есть,Нет членов семьи в возрасте 55+ лет и нет до 18 лет
709,Подключен только к Триколор ТВ,Есть,Нет членов семьи в возрасте 55+ лет и есть до 18 лет
710,Подключен только к Триколор ТВ,Есть,Нет членов семьи в возрасте 55+ лет и нет до 18 лет
711,Подключен только к Триколор ТВ,Есть,Нет членов семьи в возрасте 55+ лет и нет до 18 лет
712,Подключен только к Триколор ТВ,Нет,Нет членов семьи в возрасте 55+ лет и нет до 18 лет
713,Подключен только к Триколор ТВ,Есть,Есть члены семьи в возрасте 55+ лет и нет до 18 лет
714,Подключен только к Триколор ТВ,Нет,Нет членов семьи в возрасте 55+ лет и нет до 18 лет
715,Подключен к Триколор ТВ и к другому оператору спутникового/кабельного ТВ,Есть,Есть члены семьи в возрасте 55+ лет и нет до 18 лет
716,Подключен только к Триколор ТВ,Нет,Есть члены семьи в возрасте 55+ лет и нет до 18 лет
717,Подключен только к Триколор ТВ,Есть,Есть члены семьи в возрасте 55+ лет и нет до 18 лет
718,Подключен только к Триколор ТВ,Есть,Нет членов семьи в возрасте 55+ лет и есть до 18 лет
719,Подключен только к Триколор ТВ,Есть,Нет членов семьи в возрасте 55+ лет и нет до 18 лет
720,Подключен только к Триколор ТВ,Есть,Есть члены семьи в возрасте 55+ лет и нет до 18 лет
721,Подключен только к Триколор ТВ,Нет,Есть члены семьи в возрасте 55+ лет и нет до 18 лет
722,Подключен только к Триколор ТВ,Есть,Есть члены семьи в возрасте 55+ лет и нет до 18 лет
723,Подключен только к Триколор ТВ,Нет,Есть члены семьи в возрасте 55+ лет и нет до 18 лет
724,Подключен только к Триколор ТВ,Есть,Есть члены семьи в возрасте 55+ лет и нет до 18 лет
725,Подключен только к Триколор ТВ,Есть,Нет членов семьи в возрасте 55+ лет и нет до 18 лет
726,Подключен только к Триколор ТВ,Нет,Нет членов семьи в возрасте 55+ лет и есть до 18 лет
727,Подключен только к Триколор ТВ,Есть,Нет членов семьи в возрасте 55+ лет и нет до 18 лет
728,Подключен только к Триколор ТВ,Есть,Нет членов семьи в возрасте 55+ лет и есть до 18 лет
729,Подключен только к Триколор ТВ,Есть,Нет членов семьи в возрасте 55+ лет и есть до 18 лет
730,Подключен к Триколор ТВ и к другому оператору спутникового/кабельного ТВ,Есть,Нет членов семьи в возрасте 55+ лет и нет до 18 лет
731,Подключен только к Триколор ТВ,Есть,Есть члены семьи в возрасте 55+ лет и нет до 18 лет
732,Подключен только к Триколор ТВ,Есть,Нет членов семьи в возрасте 55+ лет и нет до 18 лет
733,Подключен только к Триколор ТВ,Есть,Нет членов семьи в возрасте 55+ лет и есть до 18 лет
734,Подключен только к Триколор ТВ,Нет,Нет членов семьи в возрасте 55+ лет и нет до 18 лет
735,Подключен к Триколор ТВ и к другому оператору спутникового/кабельного ТВ,Есть,Нет членов семьи в возрасте 55+ лет и есть до 18 лет
736,Подключен только к Триколор ТВ,Есть,Есть члены семьи в возрасте 55+ лет и есть до 18 лет
737,Подключен только к Триколор ТВ,Есть,Есть члены семьи в возрасте 55+ лет и нет до 18 лет
738,Подключен только к Триколор ТВ,Есть,Нет членов семьи в возрасте 55+ лет и есть до 18 лет
739,Подключен к Триколор ТВ и к другому оператору спутникового/кабельного ТВ,Есть,Нет членов семьи в возрасте 55+ лет и есть до 18 лет
740,Подключен только к Триколор ТВ,Есть,Нет членов семьи в возрасте 55+ лет и нет до 18 лет
741,Подключен только к Триколор ТВ,Есть,Нет членов семьи в возрасте 55+ лет и есть до 18 лет
742,Подключен к Триколор ТВ и к другому оператору спутникового/кабельного ТВ,Есть,Есть члены семьи в возрасте 55+ лет и нет до 18 лет
743,Подключен только к Триколор ТВ,Есть,Есть члены семьи в возрасте 55+ лет и нет до 18 лет
744,Подключен только к Триколор ТВ,Есть,Нет членов семьи в возрасте 55+ лет и есть до 18 лет
745,Подключен только к Триколор ТВ,Есть,Нет членов семьи в возрасте 55+ лет и есть до 18 лет
746,Подключен только к Триколор ТВ,Нет,Есть члены семьи в возрасте 55+ лет и нет до 18 лет
747,Подключен только к Триколор ТВ,Есть,Нет членов семьи в возрасте 55+ лет и нет до 18 лет
748,Подключен только к Триколор ТВ,Нет,Есть члены семьи в возрасте 55+ лет и нет до 18 лет
749,Подключен только к Триколор ТВ,Нет,Нет членов семьи в возрасте 55+ лет и нет до 18 лет
750,Подключен к Триколор ТВ и к другому оператору спутникового/кабельного ТВ,Есть,Нет членов семьи в возрасте 55+ лет и есть до 18 лет
751,Подключен только к Триколор ТВ,Есть,Есть члены семьи в возрасте 55+ лет и нет до 18 лет
752,Подключен только к Триколор ТВ,Нет,Есть члены семьи в возрасте 55+ лет и нет до 18 лет
753,Подключен к Триколор ТВ и к другому оператору спутникового/кабельного ТВ,Нет,Есть члены семьи в возрасте 55+ лет и нет до 18 лет
754,Подключен только к Триколор ТВ,Есть,Есть члены семьи в возрасте 55+ лет и нет до 18 лет
755,Подключен только к Триколор ТВ,Нет,Нет членов семьи в возрасте 55+ лет и нет до 18 лет
756,Подключен только к Триколор ТВ,Есть,Нет членов семьи в возрасте 55+ лет и нет до 18 лет
757,Подключен только к Триколор ТВ,Нет,Есть члены семьи в возрасте 55+ лет и нет до 18 лет
758,Подключен только к Триколор ТВ,Есть,Нет членов семьи в возрасте 55+ лет и нет до 18 лет
759,Подключен только к Триколор ТВ,Есть,Есть члены семьи в возрасте 55+ лет и нет до 18 лет
760,Подключен только к Триколор ТВ,Есть,Нет членов семьи в возрасте 55+ лет и нет до 18 лет
761,Подключен только к Триколор ТВ,Есть,Есть члены семьи в возрасте 55+ лет и нет до 18 лет
762,Подключен только к Триколор ТВ,Есть,Нет членов семьи в возрасте 55+ лет и есть до 18 лет
763,Подключен только к Триколор ТВ,Нет,Есть члены семьи в возрасте 55+ лет и нет до 18 лет
764,Подключен только к Триколор ТВ,Есть,Есть члены семьи в возрасте 55+ лет и нет до 18 лет
765,Подключен только к Триколор ТВ,Есть,Нет членов семьи в возрасте 55+ лет и есть до 18 лет
766,Подключен только к Триколор ТВ,Есть,Есть члены семьи в возрасте 55+ лет и нет до 18 лет
767,Подключен только к Триколор ТВ,Нет,Нет членов семьи в возрасте 55+ лет и есть до 18 лет
768,Подключен только к Триколор ТВ,Есть,Нет членов семьи в возрасте 55+ лет и есть до 18 лет
769,Подключен к Триколор ТВ и к другому оператору спутникового/кабельного ТВ,Есть,Есть члены семьи в возрасте 55+ лет и нет до 18 лет
770,Подключен только к Триколор ТВ,Есть,Есть члены семьи в возрасте 55+ лет и нет до 18 лет
771,Подключен только к Триколор ТВ,Есть,Есть члены семьи в возрасте 55+ лет и нет до 18 лет
772,Подключен к Триколор ТВ и к другому оператору спутникового/кабельного ТВ,Есть,Нет членов семьи в возрасте 55+ лет и нет до 18 лет
773,Подключен к Триколор ТВ и к другому оператору спутникового/кабельного ТВ,Есть,Нет членов семьи в возрасте 55+ лет и есть до 18 лет
774,Подключен только к Триколор ТВ,Есть,Нет членов семьи в возрасте 55+ лет и есть до 18 лет
775,Подключен только к Триколор ТВ,Нет,Есть члены семьи в возрасте 55+ лет и нет до 18 лет
776,Подключен только к Триколор ТВ,Нет,Есть члены семьи в возрасте 55+ лет и есть до 18 лет
777,Подключен только к Триколор ТВ,Есть,Есть члены семьи в возрасте 55+ лет и нет до 18 лет
778,Подключен только к Триколор ТВ,Есть,Нет членов семьи в возрасте 55+ лет и есть до 18 лет
779,Подключен только к Триколор ТВ,Нет,Нет членов семьи в возрасте 55+ лет и нет до 18 лет
780,Подключен только к Триколор ТВ,Есть,Есть члены семьи в возрасте 55+ лет и нет до 18 лет
781,Подключен к Триколор ТВ и к другому оператору спутникового/кабельного ТВ,Нет,Есть члены семьи в возрасте 55+ лет и нет до 18 лет
782,Подключен только к Триколор ТВ,Нет,Нет членов семьи в возрасте 55+ лет и нет до 18 лет
783,Подключен только к Триколор ТВ,Есть,Есть члены семьи в возрасте 55+ лет и нет до 18 лет
784,Подключен только к Триколор ТВ,Есть,Нет членов семьи в возрасте 55+ лет и есть до 18 лет
785,Подключен только к Триколор ТВ,Нет,Есть члены семьи в возрасте 55+ лет и нет до 18 лет
786,Подключен только к Триколор ТВ,Нет,Есть члены семьи в возрасте 55+ лет и нет до 18 лет
787,Подключен только к Триколор ТВ,Есть,Нет членов семьи в возрасте 55+ лет и нет до 18 лет
788,Подключен только к Триколор ТВ,Есть,Нет членов семьи в возрасте 55+ лет и есть до 18 лет
789,Подключен только к Триколор ТВ,Есть,Нет членов семьи в возрасте 55+ лет и есть до 18 лет
790,Подключен только к Триколор ТВ,Нет,Нет членов семьи в возрасте 55+ лет и нет до 18 лет
791,Подключен только к Триколор ТВ,Нет,Есть члены семьи в возрасте 55+ лет и нет до 18 лет
792,Подключен только к Триколор ТВ,Есть,Нет членов семьи в возрасте 55+ лет и нет до 18 лет
793,Подключен только к Триколор ТВ,Есть,Нет членов семьи в возрасте 55+ лет и нет до 18 лет
794,Подключен только к Триколор ТВ,Нет,Есть члены семьи в возрасте 55+ лет и нет до 18 лет
795,Подключен только к Триколор ТВ,Нет,Есть члены семьи в возрасте 55+ лет и нет до 18 лет
796,Подключен только к Триколор ТВ,Есть,Нет членов семьи в возрасте 55+ лет и нет до 18 лет
797,Подключен только к Триколор ТВ,Есть,Нет членов семьи в возрасте 55+ лет и нет до 18 лет
798,Подключен только к Триколор ТВ,Нет,Есть члены семьи в возрасте 55+ лет и нет до 18 лет
799,Подключен только к Триколор ТВ,Есть,Нет членов семьи в возрасте 55+ лет и есть до 18 лет
800,Подключен только к Триколор ТВ,Нет,Есть члены семьи в возрасте 55+ лет и нет до 18 лет
801,Подключен только к Триколор ТВ,Есть,Есть члены семьи в возрасте 55+ лет и нет до 18 лет
802,Подключен только к Триколор ТВ,Нет,Есть члены семьи в возрасте 55+ лет и нет до 18 лет
803,Подключен к Триколор ТВ и к другому оператору спутникового/кабельного ТВ,Есть,Нет членов семьи в возрасте 55+ лет и есть до 18 лет
804,Подключен только к Триколор ТВ,Есть,Нет членов семьи в возрасте 55+ лет и нет до 18 лет
805,Подключен только к Триколор ТВ,Есть,Нет членов семьи в возрасте 55+ лет и есть до 18 лет
806,Подключен только к Триколор ТВ,Нет,Есть члены семьи в возрасте 55+ лет и нет до 18 лет
807,Подключен только к Триколор ТВ,Нет,Нет членов семьи в возрасте 55+ лет и есть до 18 лет
808,Подключен только к Триколор ТВ,Есть,Есть члены семьи в возрасте 55+ лет и нет до 18 лет
809,Подключен только к Триколор ТВ,Есть,Нет членов семьи в возрасте 55+ лет и есть до 18 лет
810,Подключен только к Триколор ТВ,Нет,Есть члены семьи в возрасте 55+ лет и нет до 18 лет
811,Подключен только к Триколор ТВ,Есть,Есть члены семьи в возрасте 55+ лет и нет до 18 лет
